,sequence,max_ratio
0,CAACACCCCCTGTTGGGACTGTGAATTTGTGGCTTCATATATTCACAGTC,0.6133333333333333
1,CAACACCCCCTGTTGAGATTGCGGATGTATGGCTTCATATATCAGTAATC,0.6133333333333333
2,CAACACCCCCTGTTGAGATTGCAGGTGTGTGGCTTCATATATCTGTAATC,0.6133333333333333
3,CAACACCCCCTGTTGAGATTGCAGGTTTGTGGCTTCATATATCTGTAATC,0.6266666666666667
4,CAACACCCCCTGTTGAGACTGTGATTGTGTGGCTTCATATATTCACAGTC,0.6133333333333333
5,CAACACCCCCTGTTGAGATTGCGAATGTGTGGCTTCACACATTTGTAATC,0.6133333333333333
6,CAACACTGTCTGGGGCGACTGTGGATTTGTGGCTTCACATATCTGTAGTC,0.6266666666666667
7,CAACACCCCCTGTTGAGATTGCGGATGTATGGCTTCATACGTTTGTAATC,0.6133333333333333
8,CAACACCCCCTGTTGAGATTGCAGTTGTGTGGCTTCACATATCTGTAATC,0.6133333333333333
9,CAACACTGTCTGGGGCGACTGTGGATCTGTGGCTTCACATATTCGTAGTC,0.6266666666666667
10,CTACACTGTCTGGGGCGATTGAAGCCTTGTGACTTGATATATTCAGAGTC,0.6266666666666667
11,CAACACTGTCTGGGGCGATTGCGAATTTGTGGCTTCACATATTCGTAGTC,0.6133333333333333
12,CAACACCCCCTGTTGGGATTACAGGTGTGTGGCTTCATATATCTGTAATC,0.6266666666666667
13,CAACACCCCCTGTTGAGATTGCGGATTTGTGGCTTCATATATCTGTAATC,0.6266666666666667
14,CAACACCCCCTGTTGAGATTGCGGATGTGTGGCTTCACACATTTGTAATC,0.6133333333333333
15,CAACACTGTCTGGGGCGATTGCGAATTTATGGCTTCATATATTCACAGTC,0.6133333333333333
16,CAACACCCCCTGTTGAGACTGTGACTTTGTGGCTTCATATATTCACAGTC,0.6133333333333333
17,CAACACTGTCTGGGGCGATTGCGAATATATGGCTTCATATATTCACAGTC,0.6133333333333333
18,CAACACCCCCTGTTGAGATTGCAGTTGTGTGGCTTCATATATCTGTAATC,0.6133333333333333
19,CAACACTGTCTGGGGCGATTGCGAATTTATGGCATCATATATTCACAGTC,0.6133333333333333
20,CAACACCCCCTGTTGGGATTGCAGGTGTGTGGCTTCATATATCTGTAATC,0.6266666666666667
21,CAACACTGTCTGGGGCGACTGCGGATTTATGGCTTCATATATTCACAGTC,0.6133333333333333
22,CAACACTGTCTGGGGCGATTGCGAATCTATGGCTTCATATATTCACAGTC,0.6266666666666667
23,CAACACTGTCTGGGGCGACTGCGGATTTGTGGCTTCACATATCTGTAGTC,0.6266666666666667
24,CAACACCCCCTGTTGAGATTGCGAGTGTGTGGCTTCACACATTTGTAATC,0.6266666666666667
25,CAACACTGTCTGGGGCGACTGTGGATTTGTGGCTTCACATATTCGTAGTC,0.6266666666666667
26,CAACACTGTCTGGGGCGATTGTGACTTTATGGCTTCATATATTCACAGTC,0.6133333333333333
27,CAACACTCTCTGGGGCGACTGTGGATTTGTGGCTTCACATATCTGTAGTC,0.6266666666666667
28,CAACACTGTCTGGGGCGATTGCGAATTTATGGCTCCATATATTCACAGTC,0.6266666666666667
